[[Abeezee,'Abeezee'],[Abel,'Abel'],[Abhaya Libre,'Abhaya-Libre'],[Abril Fatface,'Abril-Fatface'],[Aclonica,'Aclonica'],[Acme,'Acme'],[Actor,'Actor'],[Adamina,'Adamina'],[Advent Pro,'Advent-Pro'],[Aguafina Script,'Aguafina-Script'],[Aileron,'Aileron'],[Akaya Kanadaka,'Akaya-Kanadaka'],[Akaya Telivigala,'Akaya-Telivigala'],[Akronim,'Akronim'],[Aladin,'Aladin'],[Alata,'Alata'],[Alatsi,'Alatsi'],[Aldrich,'Aldrich'],[Alef,'Alef'],[Alegreya,'Alegreya'],[Alegreya Sans,'Alegreya-Sans'],[Alegreya Sans Sc,'Alegreya-Sans-Sc'],[Alegreya Sc,'Alegreya-Sc'],[Aleo,'Aleo'],[Alex Brush,'Alex-Brush'],[Alfa Slab One,'Alfa-Slab-One'],[Alice,'Alice'],[Alike,'Alike'],[Alike Angular,'Alike-Angular'],[Allan,'Allan'],[Allerta,'Allerta'],[Allerta Stencil,'Allerta-Stencil'],[Allura,'Allura'],[Almarai,'Almarai'],[Almendra,'Almendra'],[Almendra Display,'Almendra-Display'],[Almendra Sc,'Almendra-Sc'],[Amarante,'Amarante'],[Amaranth,'Amaranth'],[Amatic Sc,'Amatic-Sc'],[Amethysta,'Amethysta'],[Amiko,'Amiko'],[Amiri,'Amiri'],[Amita,'Amita'],[Anaheim,'Anaheim'],[Andada,'Andada'],[Andika,'Andika'],[Andika New Basic,'Andika-New-Basic'],[Angkor,'Angkor'],[Annie Use Your Telescope,'Annie-Use-Your-Telescope'],[Anonymous Pro,'Anonymous-Pro'],[Antic,'Antic'],[Antic Didone,'Antic-Didone'],[Antic Slab,'Antic-Slab'],[Anton,'Anton'],[Antonio,'Antonio'],[Arapey,'Arapey'],[Arbutus,'Arbutus'],[Arbutus Slab,'Arbutus-Slab'],[Architects Daughter,'Architects-Daughter'],[Archivo,'Archivo'],[Archivo-black,'Archivo-black'],[Archivo Narrow,'Archivo-Narrow'],[Aref Ruqaa,'Aref-Ruqaa'],[Arima Madurai,'Arima-Madurai'],[Arimo,'Arimo'],[Arizonia,'Arizonia'],[Armata,'Armata'],[Arsenal,'Arsenal'],[Artifika,'Artifika'],[Arvo,'Arvo'],[Arya,'Arya'],[Asap,'Asap'],[Asap Condensed,'Asap-Condensed'],[Asar,'Asar'],[Asset,'Asset'],[Assistant,'Assistant'],[Astloch,'Astloch'],[Asul,'Asul'],[Athiti,'Athiti'],[Atma,'Atma'],[Atomic Age,'Atomic-Age'],[Aubrey,'Aubrey'],[Audiowide,'Audiowide'],[Autour One,'Autour-One'],[Average,'Average'],[Average Sans,'Average-Sans'],[Averia Gruesa Libre,'Averia-Gruesa-Libre'],[Averia Libre,'Averia-Libre'],[Averia Sans Libre,'Averia-Sans-Libre'],[Averia Serif Libre,'Averia-Serif-Libre'],[B612,'B612'],[B612 Mono,'B612-Mono'],[Bad Script,'Bad-Script'],[Bahiana,'Bahiana'],[Bahianita,'Bahianita'],[Bai Jamjuree,'Bai-Jamjuree'],[Ballet,'Ballet'],[Baloo-2,'Baloo-2'],[Baloo-bhai-2,'Baloo-bhai-2'],[Baloo-bhaina-2,'Baloo-bhaina-2'],[Baloo-chettan-2,'Baloo-chettan-2'],[Baloo-da-2,'Baloo-da-2'],[Baloo-paaji-2,'Baloo-paaji-2'],[Baloo-tamma-2,'Baloo-tamma-2'],[Baloo-tammudu-2,'Baloo-tammudu-2'],[Baloo-thambi-2,'Baloo-thambi-2'],[Balsamiq Sans,'Balsamiq-Sans'],[Balthazar,'Balthazar'],[Bangers,'Bangers'],[Barlow,'Barlow'],[Barlow Condensed,'Barlow-Condensed'],[Barlow Semi Condensed,'Barlow-Semi-Condensed'],[Barriecito,'Barriecito'],[Barrio,'Barrio'],[Basic,'Basic'],[Baskervville,'Baskervville'],[Battambang,'Battambang'],[Baumans,'Baumans'],[Bayon,'Bayon'],[Be Vietnam,'Be-Vietnam'],[Bebas Neue,'Bebas-Neue'],[Belgrano,'Belgrano'],[Bellefair,'Bellefair'],[Belleza,'Belleza'],[Bellota,'Bellota'],[Bellota Text,'Bellota-Text'],[Benchnine,'Benchnine'],[Benne,'Benne'],[Bentham,'Bentham'],[Berkshire Swash,'Berkshire-Swash'],[Beth Ellen,'Beth-Ellen'],[Bevan,'Bevan'],[Big Shoulders Display,'Big-Shoulders-Display'],[Big Shoulders Inline Display,'Big-Shoulders-Inline-Display'],[Big Shoulders Inline Text,'Big-Shoulders-Inline-Text'],[Big Shoulders Stencil Display,'Big-Shoulders-Stencil-Display'],[Big Shoulders Stencil Text,'Big-Shoulders-Stencil-Text'],[Big Shoulders Text,'Big-Shoulders-Text'],[Bigelow Rules,'Bigelow-Rules'],[Bigshot One,'Bigshot-One'],[Bilbo,'Bilbo'],[Bilbo Swash Caps,'Bilbo-Swash-Caps'],[Biorhyme,'Biorhyme'],[Biorhyme Expanded,'Biorhyme-Expanded'],[Biryani,'Biryani'],[Bitter,'Bitter'],[Black-and-white-picture,'Black-and-white-picture'],[Black-han-sans,'Black-han-sans'],[Black-ops-one,'Black-ops-one'],[Blackout Midnight,'Blackout-Midnight'],[Blackout Sunrise,'Blackout-Sunrise'],[Blackout Two Am,'Blackout-Two-Am'],[Blinker,'Blinker'],[Bodoni Moda,'Bodoni-Moda'],[Bokor,'Bokor'],[Bonbon,'Bonbon'],[Boogaloo,'Boogaloo'],[Bowlby One,'Bowlby-One'],[Bowlby One Sc,'Bowlby-One-Sc'],[Brawler,'Brawler'],[Bree Serif,'Bree-Serif'],[Brygada-1918,'Brygada-1918'],[Bubblegum Sans,'Bubblegum-Sans'],[Bubbler One,'Bubbler-One'],[Buda,'Buda'],[Buenard,'Buenard'],[Bungee,'Bungee'],[Bungee Hairline,'Bungee-Hairline'],[Bungee Inline,'Bungee-Inline'],[Bungee Outline,'Bungee-Outline'],[Bungee Shade,'Bungee-Shade'],[Butcherman,'Butcherman'],[Butterfly Kids,'Butterfly-Kids'],[Cabin,'Cabin'],[Cabin Condensed,'Cabin-Condensed'],[Cabin Sketch,'Cabin-Sketch'],[Caesar Dressing,'Caesar-Dressing'],[Cagliostro,'Cagliostro'],[Cairo,'Cairo'],[Caladea,'Caladea'],[Calistoga,'Calistoga'],[Calligraffitti,'Calligraffitti'],[Cambay,'Cambay'],[Cambo,'Cambo'],[Candal,'Candal'],[Cantarell,'Cantarell'],[Cantata One,'Cantata-One'],[Cantora One,'Cantora-One'],[Capriola,'Capriola'],[Cardo,'Cardo'],[Carlito,'Carlito'],[Carme,'Carme'],[Carrois Gothic,'Carrois-Gothic'],[Carrois Gothic Sc,'Carrois-Gothic-Sc'],[Carter One,'Carter-One'],[Castoro,'Castoro'],[Catamaran,'Catamaran'],[Caudex,'Caudex'],[Caveat,'Caveat'],[Caveat Brush,'Caveat-Brush'],[Cedarville Cursive,'Cedarville-Cursive'],[Ceviche One,'Ceviche-One'],[Chakra Petch,'Chakra-Petch'],[Changa,'Changa'],[Changa One,'Changa-One'],[Chango,'Chango'],[Charis Sil,'Charis-Sil'],[Charm,'Charm'],[Charmonman,'Charmonman'],[Chathura,'Chathura'],[Chau Philomene One,'Chau-Philomene-One'],[Chela One,'Chela-One'],[Chelsea Market,'Chelsea-Market'],[Chenla,'Chenla'],[Cherry Cream Soda,'Cherry-Cream-Soda'],[Cherry Swash,'Cherry-Swash'],[Chewy,'Chewy'],[Chicle,'Chicle'],[Chilanka,'Chilanka'],[Chivo,'Chivo'],[Chonburi,'Chonburi'],[Chunk Five,'Chunk-Five'],[Cinzel,'Cinzel'],[Cinzel Decorative,'Cinzel-Decorative'],[Clear Sans,'Clear-Sans'],[Clicker Script,'Clicker-Script'],[Coda,'Coda'],[Coda Caption,'Coda-Caption'],[Codystar,'Codystar'],[Coiny,'Coiny'],[Combo,'Combo'],[Comfortaa,'Comfortaa'],[Comic Mono,'Comic-Mono'],[Comic Neue,'Comic-Neue'],[Coming Soon,'Coming-Soon'],[Commissioner,'Commissioner'],[Concert One,'Concert-One'],[Condiment,'Condiment'],[Content,'Content'],[Contrail One,'Contrail-One'],[Convergence,'Convergence'],[Cookie,'Cookie'],[Cooper Hewitt,'Cooper-Hewitt'],[Copse,'Copse'],[Corben,'Corben'],[Cormorant,'Cormorant'],[Cormorant Garamond,'Cormorant-Garamond'],[Cormorant Infant,'Cormorant-Infant'],[Cormorant Sc,'Cormorant-Sc'],[Cormorant Unicase,'Cormorant-Unicase'],[Cormorant Upright,'Cormorant-Upright'],[Courgette,'Courgette'],[Courier Prime,'Courier-Prime'],[Cousine,'Cousine'],[Coustard,'Coustard'],[Covered By Your Grace,'Covered-By-Your-Grace'],[Crafty Girls,'Crafty-Girls'],[Creepster,'Creepster'],[Crete Round,'Crete-Round'],[Crimson Pro,'Crimson-Pro'],[Crimson Text,'Crimson-Text'],[Croissant One,'Croissant-One'],[Crushed,'Crushed'],[Cuprum,'Cuprum'],[Cute Font,'Cute-Font'],[Cutive,'Cutive'],[Cutive Mono,'Cutive-Mono'],[Damion,'Damion'],[Dancing Script,'Dancing-Script'],[Dangrek,'Dangrek'],[Darker Grotesque,'Darker-Grotesque'],[David Libre,'David-Libre'],[Dawning Of A New Day,'Dawning-Of-A-New-Day'],[Days One,'Days-One'],[Dekko,'Dekko'],[Dela Gothic One,'Dela-Gothic-One'],[Delius,'Delius'],[Delius Swash Caps,'Delius-Swash-Caps'],[Delius Unicase,'Delius-Unicase'],[Della Respira,'Della-Respira'],[Denk One,'Denk-One'],[Devonshire,'Devonshire'],[Dhurjati,'Dhurjati'],[Didact Gothic,'Didact-Gothic'],[Diplomata,'Diplomata'],[Diplomata Sc,'Diplomata-Sc'],[Dm Mono,'Dm-Mono'],[Dm Sans,'Dm-Sans'],[Dm Serif Display,'Dm-Serif-Display'],[Dm Serif Text,'Dm-Serif-Text'],[Do Hyeon,'Do-Hyeon'],[Dokdo,'Dokdo'],[Domine,'Domine'],[Donegal One,'Donegal-One'],[Doppio One,'Doppio-One'],[Dorsa,'Dorsa'],[Dosis,'Dosis'],[Dotgothic16,'Dotgothic16'],[Dr Sugiyama,'Dr-Sugiyama'],[Dseg Weather,'Dseg-Weather'],[Dseg14,'Dseg14'],[Dseg7,'Dseg7'],[Duru Sans,'Duru-Sans'],[Dynalight,'Dynalight'],[Eagle Lake,'Eagle-Lake'],[East Sea Dokdo,'East-Sea-Dokdo'],[Eater,'Eater'],[Eb Garamond,'Eb-Garamond'],[Economica,'Economica'],[Eczar,'Eczar'],[El Messiri,'El-Messiri'],[Electrolize,'Electrolize'],[Elsie,'Elsie'],[Elsie Swash Caps,'Elsie-Swash-Caps'],[Emblema One,'Emblema-One'],[Emilys Candy,'Emilys-Candy'],[Encode Sans,'Encode-Sans'],[Encode Sans Condensed,'Encode-Sans-Condensed'],[Encode Sans Expanded,'Encode-Sans-Expanded'],[Encode Sans Semi Condensed,'Encode-Sans-Semi-Condensed'],[Encode Sans Semi Expanded,'Encode-Sans-Semi-Expanded'],[Engagement,'Engagement'],[Englebert,'Englebert'],[Enriqueta,'Enriqueta'],[Epilogue,'Epilogue'],[Erica One,'Erica-One'],[Esteban,'Esteban'],[Euphoria Script,'Euphoria-Script'],[Ewert,'Ewert'],[Exo,'Exo'],[Exo-2,'Exo-2'],[Expletus Sans,'Expletus-Sans'],[Fahkwang,'Fahkwang'],[Fanwood Text,'Fanwood-Text'],[Farro,'Farro'],[Farsan,'Farsan'],[Fascinate,'Fascinate'],[Fascinate Inline,'Fascinate-Inline'],[Faster One,'Faster-One'],[Fasthand,'Fasthand'],[Fauna One,'Fauna-One'],[Faustina,'Faustina'],[Federant,'Federant'],[Federo,'Federo'],[Felipa,'Felipa'],[Fenix,'Fenix'],[Finger Paint,'Finger-Paint'],[Fira Code,'Fira-Code'],[Fira Mono,'Fira-Mono'],[Fira Sans,'Fira-Sans'],[Fira Sans Condensed,'Fira-Sans-Condensed'],[Fira Sans Extra Condensed,'Fira-Sans-Extra-Condensed'],[Firago,'Firago'],[Fjalla One,'Fjalla-One'],[Fjord One,'Fjord-One'],[Flamenco,'Flamenco'],[Flavors,'Flavors'],[Fondamento,'Fondamento'],[Fontdiner Swanky,'Fontdiner-Swanky'],[Forum,'Forum'],[Francois One,'Francois-One'],[Frank Ruhl Libre,'Frank-Ruhl-Libre'],[Fraunces,'Fraunces'],[Freckle Face,'Freckle-Face'],[Fredericka The Great,'Fredericka-The-Great'],[Fredoka One,'Fredoka-One'],[Freehand,'Freehand'],[Fresca,'Fresca'],[Frijole,'Frijole'],[Fruktur,'Fruktur'],[Fugaz One,'Fugaz-One'],[Gabriela,'Gabriela'],[Gaegu,'Gaegu'],[Gafata,'Gafata'],[Galada,'Galada'],[Galdeano,'Galdeano'],[Galindo,'Galindo'],[Gamja Flower,'Gamja-Flower'],[Gayathri,'Gayathri'],[Gelasio,'Gelasio'],[Gentium Basic,'Gentium-Basic'],[Gentium Book Basic,'Gentium-Book-Basic'],[Geo,'Geo'],[Geostar,'Geostar'],[Geostar Fill,'Geostar-Fill'],[Germania One,'Germania-One'],[Gfs Didot,'Gfs-Didot'],[Gfs Neohellenic,'Gfs-Neohellenic'],[Gidugu,'Gidugu'],[Gilda Display,'Gilda-Display'],[Girassol,'Girassol'],[Give You Glory,'Give-You-Glory'],[Glass Antiqua,'Glass-Antiqua'],[Glegoo,'Glegoo'],[Gloria Hallelujah,'Gloria-Hallelujah'],[Goblin One,'Goblin-One'],[Gochi Hand,'Gochi-Hand'],[Goldman,'Goldman'],[Gorditas,'Gorditas'],[Gothic A1,'Gothic-A1'],[Gotu,'Gotu'],[Goudy-bookletter-1911,'Goudy-bookletter-1911'],[Graduate,'Graduate'],[Grand Hotel,'Grand-Hotel'],[Grandstander,'Grandstander'],[Gravitas One,'Gravitas-One'],[Great Vibes,'Great-Vibes'],[Grenze,'Grenze'],[Grenze Gotisch,'Grenze-Gotisch'],[Griffy,'Griffy'],[Gruppo,'Gruppo'],[Gudea,'Gudea'],[Gugi,'Gugi'],[Gupter,'Gupter'],[Gurajada,'Gurajada'],[Habibi,'Habibi'],[Hachi Maru Pop,'Hachi-Maru-Pop'],[Halant,'Halant'],[Hammersmith One,'Hammersmith-One'],[Hanalei,'Hanalei'],[Hanalei Fill,'Hanalei-Fill'],[Handlee,'Handlee'],[Hanuman,'Hanuman'],[Happy Monkey,'Happy-Monkey'],[Harmattan,'Harmattan'],[Headland One,'Headland-One'],[Heebo,'Heebo'],[Henny Penny,'Henny-Penny'],[Hepta Slab,'Hepta-Slab'],[Herr Von Muellerhoff,'Herr-Von-Muellerhoff'],[Hi Melody,'Hi-Melody'],[Hind,'Hind'],[Hind Guntur,'Hind-Guntur'],[Hind Madurai,'Hind-Madurai'],[Hind Siliguri,'Hind-Siliguri'],[Hind Vadodara,'Hind-Vadodara'],[Holtwood One Sc,'Holtwood-One-Sc'],[Homemade Apple,'Homemade-Apple'],[Homenaje,'Homenaje'],[Ibarra Real Nova,'Ibarra-Real-Nova'],[Ibm Plex Mono,'Ibm-Plex-Mono'],[Ibm Plex Sans,'Ibm-Plex-Sans'],[Ibm Plex Sans Condensed,'Ibm-Plex-Sans-Condensed'],[Ibm Plex Serif,'Ibm-Plex-Serif'],[Iceberg,'Iceberg'],[Iceland,'Iceland'],[Im Fell Double Pica,'Im-Fell-Double-Pica'],[Im Fell Double Pica Sc,'Im-Fell-Double-Pica-Sc'],[Im Fell Dw Pica,'Im-Fell-Dw-Pica'],[Im Fell Dw Pica Sc,'Im-Fell-Dw-Pica-Sc'],[Im Fell English,'Im-Fell-English'],[Im Fell English Sc,'Im-Fell-English-Sc'],[Im Fell French Canon,'Im-Fell-French-Canon'],[Im Fell French Canon Sc,'Im-Fell-French-Canon-Sc'],[Im Fell Great Primer,'Im-Fell-Great-Primer'],[Im Fell Great Primer Sc,'Im-Fell-Great-Primer-Sc'],[Imbue,'Imbue'],[Imprima,'Imprima'],[Inconsolata,'Inconsolata'],[Inder,'Inder'],[Indie Flower,'Indie-Flower'],[Inika,'Inika'],[Inknut Antiqua,'Inknut-Antiqua'],[Inria Sans,'Inria-Sans'],[Inria Serif,'Inria-Serif'],[Inter,'Inter'],[Irish Grover,'Irish-Grover'],[Istok Web,'Istok-Web'],[Italiana,'Italiana'],[Italianno,'Italianno'],[Itim,'Itim'],[Jacques Francois,'Jacques-Francois'],[Jacques Francois Shadow,'Jacques-Francois-Shadow'],[Jaldi,'Jaldi'],[Jetbrains Mono,'Jetbrains-Mono'],[Jim Nightshade,'Jim-Nightshade'],[Jockey One,'Jockey-One'],[Jolly Lodger,'Jolly-Lodger'],[Jomhuria,'Jomhuria'],[Jomolhari,'Jomolhari'],[Josefin Sans,'Josefin-Sans'],[Josefin Slab,'Josefin-Slab'],[Jost,'Jost'],[Joti One,'Joti-One'],[Jua,'Jua'],[Judson,'Judson'],[Julee,'Julee'],[Julius Sans One,'Julius-Sans-One'],[Junction,'Junction'],[Junge,'Junge'],[Jura,'Jura'],[Just Another Hand,'Just-Another-Hand'],[Just Me Again Down Here,'Just-Me-Again-Down-Here'],[K2d,'K2d'],[Kadwa,'Kadwa'],[Kalam,'Kalam'],[Kameron,'Kameron'],[Kanit,'Kanit'],[Kantumruy,'Kantumruy'],[Karantina,'Karantina'],[Karla,'Karla'],[Karma,'Karma'],[Karmilla,'Karmilla'],[Katibeh,'Katibeh'],[Kaushan Script,'Kaushan-Script'],[Kavivanar,'Kavivanar'],[Kavoon,'Kavoon'],[Kdam Thmor,'Kdam-Thmor'],[Keania One,'Keania-One'],[Kelly Slab,'Kelly-Slab'],[Kenia,'Kenia'],[Khand,'Khand'],[Khmer,'Khmer'],[Khula,'Khula'],[Kirang Haerang,'Kirang-Haerang'],[Kite One,'Kite-One'],[Kiwi Maru,'Kiwi-Maru'],[Knewave,'Knewave'],[Kodchasan,'Kodchasan'],[Koho,'Koho'],[Kosugi,'Kosugi'],[Kosugi Maru,'Kosugi-Maru'],[Kotta One,'Kotta-One'],[Koulen,'Koulen'],[Kranky,'Kranky'],[Kreon,'Kreon'],[Kristi,'Kristi'],[Krona One,'Krona-One'],[Krub,'Krub'],[Kufam,'Kufam'],[Kulim Park,'Kulim-Park'],[Kumar One,'Kumar-One'],[Kumar One Outline,'Kumar-One-Outline'],[Kumbh Sans,'Kumbh-Sans'],[Kurale,'Kurale'],[La Belle Aurore,'La-Belle-Aurore'],[Lacquer,'Lacquer'],[Laila,'Laila'],[Lakki Reddy,'Lakki-Reddy'],[Lalezar,'Lalezar'],[Lancelot,'Lancelot'],[Langar,'Langar'],[Lateef,'Lateef'],[Lato,'Lato'],[League Gothic,'League-Gothic'],[League Gothic Condensed,'League-Gothic-Condensed'],[League Mono,'League-Mono'],[League Mono Condensed,'League-Mono-Condensed'],[League Mono Extended,'League-Mono-Extended'],[League Mono Narrow,'League-Mono-Narrow'],[League Mono Wide,'League-Mono-Wide'],[League Script,'League-Script'],[League Spartan,'League-Spartan'],[Leckerli One,'Leckerli-One'],[Ledger,'Ledger'],[Lekton,'Lekton'],[Lemon,'Lemon'],[Lemonada,'Lemonada'],[Lexend,'Lexend'],[Lexend Deca,'Lexend-Deca'],[Lexend Exa,'Lexend-Exa'],[Lexend Giga,'Lexend-Giga'],[Lexend Mega,'Lexend-Mega'],[Lexend Peta,'Lexend-Peta'],[Lexend Tera,'Lexend-Tera'],[Lexend Zetta,'Lexend-Zetta'],[Libre-barcode-128,'Libre-barcode-128'],[Libre-barcode-128 Text,'Libre-barcode-128-Text'],[Libre Barcode-39,'Libre-Barcode-39'],[Libre-barcode-39-extended,'Libre-barcode-39-extended'],[Libre-barcode-39-extended Text,'Libre-barcode-39-extended-Text'],[Libre-barcode-39-text,'Libre-barcode-39-text'],[Libre-barcode-ean13-text,'Libre-barcode-ean13-text'],[Libre Baskerville,'Libre-Baskerville'],[Libre Caslon Display,'Libre-Caslon-Display'],[Libre Caslon Text,'Libre-Caslon-Text'],[Libre Franklin,'Libre-Franklin'],[Life Savers,'Life-Savers'],[Lilita One,'Lilita-One'],[Lily Script One,'Lily-Script-One'],[Limelight,'Limelight'],[Linden Hill,'Linden-Hill'],[Literata,'Literata'],[Liu Jian Mao Cao,'Liu-Jian-Mao-Cao'],[Livvic,'Livvic'],[Lobster,'Lobster'],[Lobster Two,'Lobster-Two'],[Londrina Outline,'Londrina-Outline'],[Londrina Shadow,'Londrina-Shadow'],[Londrina Sketch,'Londrina-Sketch'],[Londrina Solid,'Londrina-Solid'],[Long Cang,'Long-Cang'],[Lora,'Lora'],[Love Ya Like A Sister,'Love-Ya-Like-A-Sister'],[Loved By The King,'Loved-By-The-King'],[Lovers Quarrel,'Lovers-Quarrel'],[Luckiest Guy,'Luckiest-Guy'],[Lusitana,'Lusitana'],[Lustria,'Lustria'],[M-plus-1p,'M-plus-1p'],[M-plus-rounded-1c,'M-plus-rounded-1c'],[Ma Shan Zheng,'Ma-Shan-Zheng'],[Macondo,'Macondo'],[Macondo Swash Caps,'Macondo-Swash-Caps'],[Mada,'Mada'],[Magra,'Magra'],[Maiden Orange,'Maiden-Orange'],[Maitree,'Maitree'],[Major Mono Display,'Major-Mono-Display'],[Mako,'Mako'],[Mali,'Mali'],[Mallanna,'Mallanna'],[Mandali,'Mandali'],[Manjari,'Manjari'],[Manrope,'Manrope'],[Mansalva,'Mansalva'],[Manuale,'Manuale'],[Marcellus,'Marcellus'],[Marcellus Sc,'Marcellus-Sc'],[Marck Script,'Marck-Script'],[Margarine,'Margarine'],[Markazi Text,'Markazi-Text'],[Marko One,'Marko-One'],[Marmelad,'Marmelad'],[Martel,'Martel'],[Martel Sans,'Martel-Sans'],[Marvel,'Marvel'],[Mate,'Mate'],[Mate Sc,'Mate-Sc'],[Material Icons,'Material-Icons'],[Material Icons Outlined,'Material-Icons-Outlined'],[Material Icons Rounded,'Material-Icons-Rounded'],[Material Icons Sharp,'Material-Icons-Sharp'],[Material Icons Two Tone,'Material-Icons-Two-Tone'],[Maven Pro,'Maven-Pro'],[Mclaren,'Mclaren'],[Meddon,'Meddon'],[Medievalsharp,'Medievalsharp'],[Medula One,'Medula-One'],[Meera Inimai,'Meera-Inimai'],[Megrim,'Megrim'],[Meie Script,'Meie-Script'],[Merienda,'Merienda'],[Merienda One,'Merienda-One'],[Merriweather,'Merriweather'],[Merriweather Sans,'Merriweather-Sans'],[Metal,'Metal'],[Metal Mania,'Metal-Mania'],[Metamorphous,'Metamorphous'],[Metrophobic,'Metrophobic'],[Metropolis,'Metropolis'],[Michroma,'Michroma'],[Milonga,'Milonga'],[Miltonian,'Miltonian'],[Miltonian Tattoo,'Miltonian-Tattoo'],[Mina,'Mina'],[Miniver,'Miniver'],[Miriam Libre,'Miriam-Libre'],[Mirza,'Mirza'],[Miss Fajardose,'Miss-Fajardose'],[Mitr,'Mitr'],[Modak,'Modak'],[Modern Antiqua,'Modern-Antiqua'],[Mogra,'Mogra'],[Molengo,'Molengo'],[Molle,'Molle'],[Monda,'Monda'],[Monofett,'Monofett'],[Mononoki,'Mononoki'],[Monoton,'Monoton'],[Monsieur La Doulaise,'Monsieur-La-Doulaise'],[Montaga,'Montaga'],[Montez,'Montez'],[Montserrat,'Montserrat'],[Montserrat Alternates,'Montserrat-Alternates'],[Montserrat Subrayada,'Montserrat-Subrayada'],[Moul,'Moul'],[Moulpali,'Moulpali'],[Mountains Of Christmas,'Mountains-Of-Christmas'],[Mouse Memoirs,'Mouse-Memoirs'],[Mr Bedfort,'Mr-Bedfort'],[Mr Dafoe,'Mr-Dafoe'],[Mr De Haviland,'Mr-De-Haviland'],[Mrs Saint Delafield,'Mrs-Saint-Delafield'],[Mrs Sheppards,'Mrs-Sheppards'],[Mukta,'Mukta'],[Mukta Mahee,'Mukta-Mahee'],[Mukta Malar,'Mukta-Malar'],[Mukta Vaani,'Mukta-Vaani'],[Mulish,'Mulish'],[Museomoderno,'Museomoderno'],[Mystery Quest,'Mystery-Quest'],[Nanum Brush Script,'Nanum-Brush-Script'],[Nanum Gothic,'Nanum-Gothic'],[Nanum Gothic Coding,'Nanum-Gothic-Coding'],[Nanum Myeongjo,'Nanum-Myeongjo'],[Nanum Pen Script,'Nanum-Pen-Script'],[Nerko One,'Nerko-One'],[Neucha,'Neucha'],[Neuton,'Neuton'],[New Rocker,'New-Rocker'],[New Tegomin,'New-Tegomin'],[News Cycle,'News-Cycle'],[Newsreader,'Newsreader'],[Niconne,'Niconne'],[Niramit,'Niramit'],[Nixie One,'Nixie-One'],[Nobile,'Nobile'],[Nokora,'Nokora'],[Norican,'Norican'],[Nosifer,'Nosifer'],[Notable,'Notable'],[Nothing You Could Do,'Nothing-You-Could-Do'],[Noticia Text,'Noticia-Text'],[Noto Mono,'Noto-Mono'],[Noto Sans,'Noto-Sans'],[Noto Sans Hk,'Noto-Sans-Hk'],[Noto Sans Jp,'Noto-Sans-Jp'],[Noto Sans Kr,'Noto-Sans-Kr'],[Noto Sans Sc,'Noto-Sans-Sc'],[Noto Sans Tc,'Noto-Sans-Tc'],[Noto Serif,'Noto-Serif'],[Noto Serif Jp,'Noto-Serif-Jp'],[Noto Serif Kr,'Noto-Serif-Kr'],[Noto Serif Sc,'Noto-Serif-Sc'],[Noto Serif Tc,'Noto-Serif-Tc'],[Nova Cut,'Nova-Cut'],[Nova Flat,'Nova-Flat'],[Nova Mono,'Nova-Mono'],[Nova Oval,'Nova-Oval'],[Nova Round,'Nova-Round'],[Nova Script,'Nova-Script'],[Nova Slim,'Nova-Slim'],[Nova Square,'Nova-Square'],[Ntr,'Ntr'],[Numans,'Numans'],[Nunito,'Nunito'],[Nunito Sans,'Nunito-Sans'],[Odibee Sans,'Odibee-Sans'],[Odor Mean Chey,'Odor-Mean-Chey'],[Offside,'Offside'],[Oi,'Oi'],[Old Standard Tt,'Old-Standard-Tt'],[Oldenburg,'Oldenburg'],[Oleo Script,'Oleo-Script'],[Oleo Script Swash Caps,'Oleo-Script-Swash-Caps'],[Open Sans,'Open-Sans'],[Open Sans Condensed,'Open-Sans-Condensed'],[Oranienbaum,'Oranienbaum'],[Orbitron,'Orbitron'],[Oregano,'Oregano'],[Orelega One,'Orelega-One'],[Orienta,'Orienta'],[Original Surfer,'Original-Surfer'],[Ostrich Sans,'Ostrich-Sans'],[Ostrich Sans Dashed,'Ostrich-Sans-Dashed'],[Ostrich Sans Inline,'Ostrich-Sans-Inline'],[Ostrich Sans Rounded,'Ostrich-Sans-Rounded'],[Oswald,'Oswald'],[Over The Rainbow,'Over-The-Rainbow'],[Overlock,'Overlock'],[Overlock Sc,'Overlock-Sc'],[Overpass,'Overpass'],[Overpass Mono,'Overpass-Mono'],[Ovo,'Ovo'],[Oxanium,'Oxanium'],[Oxygen,'Oxygen'],[Oxygen Mono,'Oxygen-Mono'],[Pacifico,'Pacifico'],[Padauk,'Padauk'],[Palanquin,'Palanquin'],[Palanquin Dark,'Palanquin-Dark'],[Pangolin,'Pangolin'],[Paprika,'Paprika'],[Parisienne,'Parisienne'],[Passero One,'Passero-One'],[Passion One,'Passion-One'],[Pathway Gothic One,'Pathway-Gothic-One'],[Patrick Hand,'Patrick-Hand'],[Patrick Hand Sc,'Patrick-Hand-Sc'],[Pattaya,'Pattaya'],[Patua One,'Patua-One'],[Pavanam,'Pavanam'],[Paytone One,'Paytone-One'],[Peddana,'Peddana'],[Peralta,'Peralta'],[Permanent Marker,'Permanent-Marker'],[Petit Formal Script,'Petit-Formal-Script'],[Petrona,'Petrona'],[Philosopher,'Philosopher'],[Piazzolla,'Piazzolla'],[Piedra,'Piedra'],[Pinyon Script,'Pinyon-Script'],[Pirata One,'Pirata-One'],[Plaster,'Plaster'],[Play,'Play'],[Playball,'Playball'],[Playfair Display,'Playfair-Display'],[Playfair Display Sc,'Playfair-Display-Sc'],[Plus Jakarta Sans,'Plus-Jakarta-Sans'],[Podkova,'Podkova'],[Poiret One,'Poiret-One'],[Poller One,'Poller-One'],[Poly,'Poly'],[Pompiere,'Pompiere'],[Pontano Sans,'Pontano-Sans'],[Poor Story,'Poor-Story'],[Poppins,'Poppins'],[Port Lligat Sans,'Port-Lligat-Sans'],[Port Lligat Slab,'Port-Lligat-Slab'],[Potta One,'Potta-One'],[Pragati Narrow,'Pragati-Narrow'],[Prata,'Prata'],[Preahvihear,'Preahvihear'],[Press-start-2p,'Press-start-2p'],[Pridi,'Pridi'],[Princess Sofia,'Princess-Sofia'],[Prociono,'Prociono'],[Prompt,'Prompt'],[Prosto One,'Prosto-One'],[Proza Libre,'Proza-Libre'],[Pt Mono,'Pt-Mono'],[Pt Sans,'Pt-Sans'],[Pt Sans Caption,'Pt-Sans-Caption'],[Pt Sans Narrow,'Pt-Sans-Narrow'],[Pt Serif,'Pt-Serif'],[Pt Serif Caption,'Pt-Serif-Caption'],[Public Sans,'Public-Sans'],[Puritan,'Puritan'],[Purple Purse,'Purple-Purse'],[Quando,'Quando'],[Quantico,'Quantico'],[Quattrocento,'Quattrocento'],[Quattrocento Sans,'Quattrocento-Sans'],[Questrial,'Questrial'],[Quicksand,'Quicksand'],[Quintessential,'Quintessential'],[Qwigley,'Qwigley'],[Racing Sans One,'Racing-Sans-One'],[Radley,'Radley'],[Rajdhani,'Rajdhani'],[Rakkas,'Rakkas'],[Raleway,'Raleway'],[Raleway Dots,'Raleway-Dots'],[Ramabhadra,'Ramabhadra'],[Ramaraja,'Ramaraja'],[Rambla,'Rambla'],[Rammetto One,'Rammetto-One'],[Ranchers,'Ranchers'],[Rancho,'Rancho'],[Ranga,'Ranga'],[Rasa,'Rasa'],[Rationale,'Rationale'],[Ravi Prakash,'Ravi-Prakash'],[Recursive,'Recursive'],[Red Hat Display,'Red-Hat-Display'],[Red Hat Text,'Red-Hat-Text'],[Red Rose,'Red-Rose'],[Redressed,'Redressed'],[Reem Kufi,'Reem-Kufi'],[Reenie Beanie,'Reenie-Beanie'],[Reggae One,'Reggae-One'],[Revalia,'Revalia'],[Rhodium Libre,'Rhodium-Libre'],[Ribeye,'Ribeye'],[Ribeye Marrow,'Ribeye-Marrow'],[Righteous,'Righteous'],[Risque,'Risque'],[Roboto,'Roboto'],[Roboto Condensed,'Roboto-Condensed'],[Roboto Mono,'Roboto-Mono'],[Roboto Slab,'Roboto-Slab'],[Rochester,'Rochester'],[Rock Salt,'Rock-Salt'],[Rocknroll One,'Rocknroll-One'],[Rokkitt,'Rokkitt'],[Romanesco,'Romanesco'],[Ropa Sans,'Ropa-Sans'],[Rosario,'Rosario'],[Rosarivo,'Rosarivo'],[Rouge Script,'Rouge-Script'],[Rowdies,'Rowdies'],[Rozha One,'Rozha-One'],[Rubik,'Rubik'],[Rubik Mono One,'Rubik-Mono-One'],[Ruda,'Ruda'],[Rufina,'Rufina'],[Ruge Boogie,'Ruge-Boogie'],[Ruluko,'Ruluko'],[Rum Raisin,'Rum-Raisin'],[Ruslan Display,'Ruslan-Display'],[Russo One,'Russo-One'],[Ruthie,'Ruthie'],[Rye,'Rye'],[Sacramento,'Sacramento'],[Sahitya,'Sahitya'],[Sail,'Sail'],[Saira,'Saira'],[Saira Condensed,'Saira-Condensed'],[Saira Extra Condensed,'Saira-Extra-Condensed'],[Saira Semi Condensed,'Saira-Semi-Condensed'],[Saira Stencil One,'Saira-Stencil-One'],[Salsa,'Salsa'],[Sanchez,'Sanchez'],[Sancreek,'Sancreek'],[Sansita,'Sansita'],[Sansita Swashed,'Sansita-Swashed'],[Sarabun,'Sarabun'],[Sarala,'Sarala'],[Sarina,'Sarina'],[Sarpanch,'Sarpanch'],[Satisfy,'Satisfy'],[Sawarabi Gothic,'Sawarabi-Gothic'],[Sawarabi Mincho,'Sawarabi-Mincho'],[Scada,'Scada'],[Scheherazade,'Scheherazade'],[Schoolbell,'Schoolbell'],[Scope One,'Scope-One'],[Seaweed Script,'Seaweed-Script'],[Secular One,'Secular-One'],[Sedgwick Ave,'Sedgwick-Ave'],[Sedgwick Ave Display,'Sedgwick-Ave-Display'],[Sen,'Sen'],[Sevillana,'Sevillana'],[Seymour One,'Seymour-One'],[Shadows Into Light,'Shadows-Into-Light'],[Shadows Into Light Two,'Shadows-Into-Light-Two'],[Shanti,'Shanti'],[Share,'Share'],[Share Tech,'Share-Tech'],[Share Tech Mono,'Share-Tech-Mono'],[Shippori Mincho,'Shippori-Mincho'],[Shippori Mincho B1,'Shippori-Mincho-B1'],[Shojumaru,'Shojumaru'],[Short Stack,'Short-Stack'],[Shrikhand,'Shrikhand'],[Siemreap,'Siemreap'],[Sigmar One,'Sigmar-One'],[Signika,'Signika'],[Signika Negative,'Signika-Negative'],[Simonetta,'Simonetta'],[Single Day,'Single-Day'],[Sintony,'Sintony'],[Sirin Stencil,'Sirin-Stencil'],[Six Caps,'Six-Caps'],[Skranji,'Skranji'],[Slabo-13px,'Slabo-13px'],[Slabo-27px,'Slabo-27px'],[Slackey,'Slackey'],[Smokum,'Smokum'],[Smythe,'Smythe'],[Sniglet,'Sniglet'],[Snippet,'Snippet'],[Snowburst One,'Snowburst-One'],[Sofadi One,'Sofadi-One'],[Sofia,'Sofia'],[Solway,'Solway'],[Song Myung,'Song-Myung'],[Sonsie One,'Sonsie-One'],[Sora,'Sora'],[Sorts Mill Goudy,'Sorts-Mill-Goudy'],[Source Code Pro,'Source-Code-Pro'],[Source Sans Pro,'Source-Sans-Pro'],[Source Serif Pro,'Source-Serif-Pro'],[Space Grotesk,'Space-Grotesk'],[Space Mono,'Space-Mono'],[Spartan,'Spartan'],[Special Elite,'Special-Elite'],[Spectral,'Spectral'],[Spectral Sc,'Spectral-Sc'],[Spicy Rice,'Spicy-Rice'],[Spinnaker,'Spinnaker'],[Spirax,'Spirax'],[Squada One,'Squada-One'],[Sree Krushnadevaraya,'Sree-Krushnadevaraya'],[Sriracha,'Sriracha'],[Srisakdi,'Srisakdi'],[Staatliches,'Staatliches'],[Stalemate,'Stalemate'],[Stalinist One,'Stalinist-One'],[Stardos Stencil,'Stardos-Stencil'],[Stick,'Stick'],[Stint Ultra Condensed,'Stint-Ultra-Condensed'],[Stint Ultra Expanded,'Stint-Ultra-Expanded'],[Stoke,'Stoke'],[Strait,'Strait'],[Stylish,'Stylish'],[Sue Ellen Francisco,'Sue-Ellen-Francisco'],[Suez One,'Suez-One'],[Sulphur Point,'Sulphur-Point'],[Sumana,'Sumana'],[Sunflower,'Sunflower'],[Sunshiney,'Sunshiney'],[Supermercado One,'Supermercado-One'],[Sura,'Sura'],[Suranna,'Suranna'],[Suravaram,'Suravaram'],[Suwannaphum,'Suwannaphum'],[Swanky And Moo Moo,'Swanky-And-Moo-Moo'],[Syncopate,'Syncopate'],[Syne,'Syne'],[Syne Italic,'Syne-Italic'],[Syne Mono,'Syne-Mono'],[Syne Tactile,'Syne-Tactile'],[Tajawal,'Tajawal'],[Tangerine,'Tangerine'],[Taprom,'Taprom'],[Tauri,'Tauri'],[Taviraj,'Taviraj'],[Teko,'Teko'],[Telex,'Telex'],[Tenali Ramakrishna,'Tenali-Ramakrishna'],[Tenor Sans,'Tenor-Sans'],[Text Me One,'Text-Me-One'],[Texturina,'Texturina'],[Thasadith,'Thasadith'],[The Girl Next Door,'The-Girl-Next-Door'],[Tienne,'Tienne'],[Tillana,'Tillana'],[Timmana,'Timmana'],[Tinos,'Tinos'],[Titan One,'Titan-One'],[Titillium Web,'Titillium-Web'],[Tomorrow,'Tomorrow'],[Trade Winds,'Trade-Winds'],[Train One,'Train-One'],[Trirong,'Trirong'],[Trispace,'Trispace'],[Trocchi,'Trocchi'],[Trochut,'Trochut'],[Truculenta,'Truculenta'],[Trykker,'Trykker'],[Tulpen One,'Tulpen-One'],[Turret Road,'Turret-Road'],[Ubuntu,'Ubuntu'],[Ubuntu Condensed,'Ubuntu-Condensed'],[Ubuntu Mono,'Ubuntu-Mono'],[Ultra,'Ultra'],[Uncial Antiqua,'Uncial-Antiqua'],[Underdog,'Underdog'],[Unica One,'Unica-One'],[Unifrakturcook,'Unifrakturcook'],[Unifrakturmaguntia,'Unifrakturmaguntia'],[Unkempt,'Unkempt'],[Unlock,'Unlock'],[Unna,'Unna'],[Vampiro One,'Vampiro-One'],[Varela,'Varela'],[Varela Round,'Varela-Round'],[Varta,'Varta'],[Vast Shadow,'Vast-Shadow'],[Vazir,'Vazir'],[Vesper Libre,'Vesper-Libre'],[Viaoda Libre,'Viaoda-Libre'],[Vibes,'Vibes'],[Vibur,'Vibur'],[Victor Mono,'Victor-Mono'],[Vidaloka,'Vidaloka'],[Viga,'Viga'],[Voces,'Voces'],[Volkhov,'Volkhov'],[Vollkorn,'Vollkorn'],[Vollkorn Sc,'Vollkorn-Sc'],[Voltaire,'Voltaire'],[Vt323,'Vt323'],[Waiting For The Sunrise,'Waiting-For-The-Sunrise'],[Wallpoet,'Wallpoet'],[Walter Turncoat,'Walter-Turncoat'],[Warnes,'Warnes'],[Wellfleet,'Wellfleet'],[Wendy One,'Wendy-One'],[Wire One,'Wire-One'],[Work Sans,'Work-Sans'],[Xanh Mono,'Xanh-Mono'],[Yakuhanjp,'Yakuhanjp'],[Yakuhanjps,'Yakuhanjps'],[Yakuhanmp,'Yakuhanmp'],[Yakuhanmps,'Yakuhanmps'],[Yakuhanrp,'Yakuhanrp'],[Yakuhanrps,'Yakuhanrps'],[Yanone Kaffeesatz,'Yanone-Kaffeesatz'],[Yantramanav,'Yantramanav'],[Yatra One,'Yatra-One'],[Yellowtail,'Yellowtail'],[Yeon Sung,'Yeon-Sung'],[Yeseva One,'Yeseva-One'],[Yesteryear,'Yesteryear'],[Yrsa,'Yrsa'],[Yusei Magic,'Yusei-Magic'],[Zcool Kuaile,'Zcool-Kuaile'],[Zcool Qingke Huangyou,'Zcool-Qingke-Huangyou'],[Zcool Xiaowei,'Zcool-Xiaowei'],[Zen Dots,'Zen-Dots'],[Zeyada,'Zeyada'],[Zhi Mang Xing,'Zhi-Mang-Xing'],[Zilla Slab,'Zilla-Slab'],[Zilla Slab Highlight,'Zilla-Slab-Highlight'],[Al Bayan,'Al-Bayan'],[American Typewriter,'American-Typewriter'],[Andalé Mono,'Andalé-Mono'],[Apple Casual,'Apple-Casual'],[Apple Chancery,'Apple-Chancery'],[Apple Garamond,'Apple-Garamond'],[Apple Gothic,'Apple-Gothic'],[Apple LiGothic,'Apple-LiGothic'],[Apple LiSung,'Apple-LiSung'],[Apple Myungjo,'Apple-Myungjo'],[Apple Symbols,'Apple-Symbols'],[AquaKana,'AquaKana'],[Arial,'Arial'],[Arial Hebrew,'Arial-Hebrew'],[Ayuthaya,'Ayuthaya'],[Baghdad,'Baghdad'],[Baskerville,'Baskerville'],[Beijing,'Beijing'],[BiauKai,'BiauKai'],[Big Caslon,'Big-Caslon'],[Browallia New,'Browallia-New'],[BrowalliaUPC,'BrowalliaUPC'],[Brush Script,'Brush-Script'],[Candara,'Candara'],[Chalkboard,'Chalkboard'],[Chalkduster,'Chalkduster'],[Charcoal,'Charcoal'],[Charcoal CY,'Charcoal-CY'],[Chicago,'Chicago'],[Cochin,'Cochin'],[Comic Sans,'Comic-Sans'],[Consolas,'Consolas'],[Cooper,'Cooper'],[Copperplate,'Copperplate'],[Corsiva Hebrew,'Corsiva-Hebrew'],[Courier,'Courier'],[Courier New,'Courier-New'],[DecoType Naskh,'DecoType-Naskh'],[Devanagari,'Devanagari'],[Didot,'Didot'],[Euphemia UCAS,'Euphemia-UCAS'],[Futura,'Futura'],[Gadget,'Gadget'],[Geeza Pro,'Geeza-Pro'],[Geezah,'Geezah'],[Geneva,'Geneva'],[Geneva CY,'Geneva-CY'],[Georgia,'Georgia'],[Gill Sans,'Gill-Sans'],[Gujarati,'Gujarati'],[Gung Seoche,'Gung-Seoche'],[Gurmukhi,'Gurmukhi'],[Hangangche,'Hangangche'],[HeadlineA,'HeadlineA'],[Hei,'Hei'],[Helvetica,'Helvetica'],[Helvetica CY,'Helvetica-CY'],[Helvetica Neue,'Helvetica-Neue'],[Herculanum,'Herculanum'],[Hiragino Kaku Gothic Pro,'Hiragino-Kaku-Gothic-Pro'],[Hiragino Kaku Gothic ProN,'Hiragino-Kaku-Gothic-ProN'],[Hiragino Kaku Gothic Std,'Hiragino-Kaku-Gothic-Std'],[Hiragino Kaku Gothic StdN,'Hiragino-Kaku-Gothic-StdN'],[Hiragino Maru Gothic Pro,'Hiragino-Maru-Gothic-Pro'],[Hiragino Maru Gothic ProN,'Hiragino-Maru-Gothic-ProN'],[Hiragino Mincho Pro,'Hiragino-Mincho-Pro'],[Hiragino Mincho ProN,'Hiragino-Mincho-ProN'],[Hoefler Text,'Hoefler-Text'],[Inai Mathi,'Inai-Mathi'],[Impact,'Impact'],[Jung Gothic,'Jung-Gothic'],[Kai,'Kai'],[Keyboard,'Keyboard'],[Krungthep,'Krungthep'],[KufiStandard GK,'KufiStandard-GK'],[Kuenstler Script,'Kuenstler-Script'],[LastResort,'LastResort'],[LiHei Pro,'LiHei-Pro'],[LiSong Pro,'LiSong-Pro'],[Lucida Sans,'Lucida-Sans'],[Marker Felt,'Marker-Felt'],[Menlo,'Menlo'],[Monaco,'Monaco'],[Monaco CY,'Monaco-CY'],[Mshtakan,'Mshtakan'],[Nadeem,'Nadeem'],[New Peninim,'New-Peninim'],[New York,'New-York'],[NISC GB18030,'NISC-GB18030'],[Optima,'Optima'],[Osak,'Osak'],[Palatino,'Palatino'],[Papyrus,'Papyrus'],[PC Myungjo,'PC-Myungjo'],[Pilgiche,'Pilgiche'],[Plantagenet Cherokee,'Plantagenet-Cherokee'],[Raanana,'Raanana'],[Sand,'Sand'],[Sathu,'Sathu'],[Seoul,'Seoul'],[Shin Myungjo Neue,'Shin-Myungjo-Neue'],[Silom,'Silom'],[Skia,'Skia'],[Snell Roundhand,'Snell-Roundhand'],[ST FangSong,'ST-FangSong'],[ST FangSong 2,'ST-FangSong-2'],[ST Heiti,'ST-Heiti'],[ST Kaiti,'ST-Kaiti'],[ST Song,'ST-Song'],[Symbol,'Symbol'],[Tae Graphic,'Tae-Graphic'],[Tahoma,'Tahoma'],[Taipei,'Taipei'],[Techno,'Techno'],[Textile,'Textile'],[Thonburi,'Thonburi'],[Times,'Times'],[Times CY,'Times-CY'],[Times New Roman,'Times-New-Roman'],[Trebuchet MS,'Trebuchet-MS'],[Verdana,'Verdana'],[Zapf Chancery,'Zapf-Chancery'],[Zapf Dingbats,'Zapf-Dingbats'],[Zapfino,'Zapfino'],[ITC Bodoni 72,'ITC-Bodoni-72'],[ITF Devanagari,'ITF-Devanagari'],[Kohinoor Devanagari,'Kohinoor-Devanagari'],[Luminari,'Luminari'],[Phosphate,'Phosphate'],[Shree Devanagari 714,'Shree-Devanagari-714'],[SignPainter,'SignPainter'],[Skia,'Skia'],[Sukhumvit Set,'Sukhumvit-Set'],[Bitstream Symbols,'Bitstream-Symbols'],[Trattatello,'Trattatello'],[PingFang SC,'PingFang-SC'],[PingFang TC,'PingFang-TC'],[PingFang HK,'PingFang-HK'],[SF Pro Text,'SF-Pro-Text'],[SF Pro Rounded,'SF-Pro-Rounded'],[SF Mono,'SF-Mono'],[Helvetica Neue,'Helvetica-Neue'],[Lucida Grande,'Lucida-Grande'],[Aharoni,'Aharoni'],[Aldhabi,'Aldhabi'],[Andalus,'Andalus'],[Angsana New,'Angsana-New'],[AngsanaUPC,'AngsanaUPC'],[Aparajita,'Aparajita'],[Arabic Typesetting,'Arabic-Typesetting'],[Arial,'Arial'],[Bahnschrift,'Bahnschrift'],[Batang,'Batang'],[BatangChe,'BatangChe'],[BIZ UDGothic,'BIZ-UDGothic'],[BIZ UDPGothic,'BIZ-UDPGothic'],[BIZ UDMincho,'BIZ-UDMincho'],[BIZ UDPMincho,'BIZ-UDPMincho'],[Book Antiqua,'Book-Antiqua'],[Browallia New,'Browallia-New'],[BrowalliaUPC,'BrowalliaUPC'],[Calibri,'Calibri'],[Calisto MT,'Calisto-MT'],[Cambria,'Cambria'],[Cambria Math,'Cambria-Math'],[Candara,'Candara'],[Century Gothic,'Century-Gothic'],[Comic Sans MS,'Comic-Sans-MS'],[Consolas,'Consolas'],[Constantia,'Constantia'],[Copperplate Gothic,'Copperplate-Gothic'],[Corbel,'Corbel'],[Cordia New,'Cordia-New'],[CordiaUPC,'CordiaUPC'],[Courier New,'Courier-New'],[DaunPenh,'DaunPenh'],[David,'David'],[DengXian,'DengXian'],[DilleniaUPC,'DilleniaUPC'],[DFKai-SB,'DFKai-SB'],[DokChampa,'DokChampa'],[Dotum,'Dotum'],[DotumChe,'DotumChe'],[Ebrima,'Ebrima'],[Estrangelo Edessa,'Estrangelo-Edessa'],[EucrosiaUPC,'EucrosiaUPC'],[Euphemia,'Euphemia'],[FangSong,'FangSong'],[Franklin Gothic,'Franklin-Gothic'],[FrankRuehl,'FrankRuehl'],[FreesiaUPC,'FreesiaUPC'],[Gabriola,'Gabriola'],[Gadugi,'Gadugi'],[Gautami,'Gautami'],[Georgia,'Georgia'],[Gisha,'Gisha'],[Gulim,'Gulim'],[GulimChe,'GulimChe'],[Gungsuh,'Gungsuh'],[GungsuhChe,'GungsuhChe'],[HoloLens MDL2 Assets,'HoloLens-MDL2-Assets'],[Impact,'Impact'],[Ink Free,'Ink-Free'],[IrisUPC,'IrisUPC'],[Iskoola Pota,'Iskoola-Pota'],[JasmineUPC,'JasmineUPC'],[Javanese Text,'Javanese-Text'],[KaiTi,'KaiTi'],[Kalinga,'Kalinga'],[Kartika,'Kartika'],[Khmer UI,'Khmer-UI'],[KodchiangUPC,'KodchiangUPC'],[Kokila,'Kokila'],[Lao UI,'Lao-UI'],[Latha,'Latha'],[Leelawadee,'Leelawadee'],[Leelawadee UI,'Leelawadee-UI'],[Levenim MT,'Levenim-MT'],[LilyUPC,'LilyUPC'],[Lucida Console,'Lucida-Console'],[Lucida Handwriting,'Lucida-Handwriting'],[Lucida Sans Unicode,'Lucida-Sans-Unicode'],[Malgun Gothic,'Malgun-Gothic'],[Mangal,'Mangal'],[Marlett,'Marlett'],[Meiryo,'Meiryo'],[Meiryo UI,'Meiryo-UI'],[Microsoft Himalaya,'Microsoft-Himalaya'],[Microsoft JhengHei,'Microsoft-JhengHei'],[Microsoft JhengHei UI,'Microsoft-JhengHei-UI'],[Microsoft New Tai Lue,'Microsoft-New-Tai-Lue'],[Microsoft PhagsPa,'Microsoft-PhagsPa'],[Microsoft Sans Serif,'Microsoft-Sans-Serif'],[Microsoft Tai Le,'Microsoft-Tai-Le'],[Microsoft Uighur,'Microsoft-Uighur'],[Microsoft YaHei,'Microsoft-YaHei'],[Microsoft YaHei UI,'Microsoft-YaHei-UI'],[Microsoft Yi Baiti,'Microsoft-Yi-Baiti'],[MingLiU,'MingLiU'],[PMingLiU,'PMingLiU'],[MingLiU-ExtB,'MingLiU-ExtB'],[PMingLiU-ExtB,'PMingLiU-ExtB'],[MingLiU_HKSCS,'MingLiU_HKSCS'],[MingLiU_HKSCS-ExtB,'MingLiU_HKSCS-ExtB'],[Miriam,'Miriam'],[Miriam Fixed,'Miriam-Fixed'],[Mongolian Baiti,'Mongolian-Baiti'],[MoolBoran,'MoolBoran'],[MS Gothic,'MS-Gothic'],[MS PGothic,'MS-PGothic'],[MS Mincho,'MS-Mincho'],[MS PMincho,'MS-PMincho'],[MS UI Gothic,'MS-UI-Gothic'],[MV Boli,'MV-Boli'],[Myanmar Text,'Myanmar-Text'],[Narkisim,'Narkisim'],[Nirmala UI,'Nirmala-UI'],[NSimSun,'NSimSun'],[Nyala,'Nyala'],[Palatino Linotype,'Palatino-Linotype'],[Plantagenet Cherokee,'Plantagenet-Cherokee'],[Raavi,'Raavi'],[Rod,'Rod'],[Sakkal Majalla,'Sakkal-Majalla'],[Sanskrit Text,'Sanskrit-Text'],[Segoe MDL2 Assets,'Segoe-MDL2-Assets'],[Segoe Print,'Segoe-Print'],[Segoe Script,'Segoe-Script'],[Segoe SD,'Segoe-SD'],[Segoe UI,'Segoe-UI'],[Segoe UI Emoji,'Segoe-UI-Emoji'],[Segoe UI Historic,'Segoe-UI-Historic'],[Segoe UI Symbol,'Segoe-UI-Symbol'],[Shonar Bangla,'Shonar-Bangla'],[Shruti,'Shruti'],[SimHei,'SimHei'],[Simplified Arabic,'Simplified-Arabic'],[SimSun,'SimSun'],[SimSun-ExtB,'SimSun-ExtB'],[Sitka Banner,'Sitka-Banner'],[Sitka Display,'Sitka-Display'],[Sitka Heading,'Sitka-Heading'],[Sitka Small,'Sitka-Small'],[Sitka Subheading,'Sitka-Subheading'],[Sitka Text,'Sitka-Text'],[Sylfaen,'Sylfaen'],[Symbol,'Symbol'],[Tahoma,'Tahoma'],[Times New Roman,'Times-New-Roman'],[Traditional Arabic,'Traditional-Arabic'],[Trebuchet MS,'Trebuchet-MS'],[Tunga,'Tunga'],[UD Digi Kyokasho,'UD-Digi-Kyokasho'],[Urdu Typesetting,'Urdu-Typesetting'],[Utsaah,'Utsaah'],[Vani,'Vani'],[Verdana,'Verdana'],[Vijaya,'Vijaya'],[Vrinda,'Vrinda'],[Webdings,'Webdings'],[Wingdings,'Wingdings'],[Yu Gothic,'Yu-Gothic'],[Yu Gothic,'Yu-Gothic'],[Yu Mincho,'Yu-Mincho']] !default
